KEYNAME;TEXT;;TEXT;;;;;;;;;;;x
news1;$TAG_2_0$政府は「$STRING_0_1$」の条件で和平を提案した。;The government of $TAG_2_0$ offered the peace with the following terms: $STRING_0_1$;;;;;;;;;;;;x
battle_we_win_title_large;$STRING_0_3$で荣光の胜利！;GLORIOUS VICTORY IN $STRING_0_3$!;;;;;;;;;;;;x
battle_we_win_large;$DATE_LONG_0$、比类なき我が军は、$STRING_0_3$の战いで、またも胜利しました！$VALUE_INT_0_1$ of our men bravely gave $VALUE_INT_0_3$ $TAG_0_3$ troops a sound seeing to, and while $VALUE_INT_0_2$ of our fearless troops lost their lives, over $VALUE_INT_0_4$ $TAG_0_3$ scoundrels were killed and the field was left in our hands. After a defeat like this, $TAG_0_3$ surely must soon seek peace terms!;On $DATE_LONG_0$ our unrivalled army was, once again, victorious in the battle of $STRING_0_3$! $VALUE_INT_0_1$ of our men bravely gave $VALUE_INT_0_3$ $TAG_0_3$ troops a sound seeing to, and while $VALUE_INT_0_2$ of our fearless troops lost their lives, over $VALUE_INT_0_4$ $TAG_0_3$ scoundrels were killed and the field was left in our hands. After a defeat like this, $TAG_0_3$ surely must soon seek peace terms!;;;;;;;;;;;;x
battle_we_win_title_medium;$STRING_0_3$で胜利！;Victory in $STRING_0_3$!;;;;;;;;;;;;x;;;;
battle_we_win_medium;$DATE_LONG_0$、我が国は$VALUE_INT_0_2$名の牺牲により、$VALUE_INT_0_3$人の$TAG_0_3$军を$STRING_0_3$で击破。;On $DATE_LONG_0$ we defeated $VALUE_INT_0_3$ $TAG_0_3$ troops in $STRING_0_3$, at the cost of $VALUE_INT_0_2$ lives lost.;;;;;;;;;;;;x
battle_we_win_title_small;胜利！;Victory!;;;;;;;;;;;;x;;;;
battle_we_win_small;$DATE_LONG_0$、$VALUE_INT_0_3$人の$TAG_0_3$军を$STRING_0_3$で击破。;On $DATE_LONG_0$ we defeated $VALUE_INT_0_3$ $TAG_0_3_ADJ$ troops in $STRING_0_3$.;;;;;;;;;;;;x;;;;
battle_we_lose_title_large;MILITARY BLUNDER LEADS TO DISASTER IN $STRING_0_3$!;;;;;;;;;;;;;x
battle_we_lose_large;On $DATE_LONG_0$ our incompetent high command shockingly sent $VALUE_INT_0_4$ of our brave soldiers to their deaths in $STRING_0_3$ against the forces of  $TAG_0_2$. Our $VALUE_INT_0_3$ fine troops faced $VALUE_INT1$ $TAG_0_2$ soldiers, and despite poor leadership and the enemy's underhanded tactics managed to inflict $VALUE_INT_0_2$ casualties upon them. This paper expresses grave concerns over the direction the high command is taking this war, and strongly urges the Government to take steps to correct it before it is too late!;;;;;;;;;;;;;x
battle_we_lose_title_medium;$STRING_0_3$で败北;Defeat in $STRING_0_3$;;;;;;;;;;;;x;;;;
battle_we_lose_medium;$DATE_LONG_0$、我が国は$STRING_0_3$の战いに败北、$VALUE_INT_0_4$人を失い、$TAG_0_2$に支配されたままになった。;On $DATE_LONG_0$ we lost the battle of $STRING_0_3$, losing $VALUE_INT_0_4$ men and leaving $TAG_0_2$ in control of the field.;;;;;;;;;;;;x;;;;
battle_we_lose_title_small;$STRING_0_3$の惨事;Disaster in $STRING_0_3$;;;;;;;;;;;;x;;;;
battle_we_lose_small;$DATE_LONG_0$、我が国は$STRING_0_3$の战いに败北、$VALUE_INT_0_4$人を失い、$TAG_0_2$に支配されたままになった。;On $DATE_LONG_0$ we lost the battle of $STRING_0_3$, losing $VALUE_INT_0_4$ men and leaving $TAG_0_2$ in control of the field.;;;;;;;;;;;;x;;;;
gwar_we_win_large_title;$TAG_3_0$が降伏！;$TAG_3_0_UPPER$ SURRENDERS!;;;;;;;;;;;;x
gwar_we_win_large_desc;$DATE_LONG_1$、$TAG_0_0$鼍$TAG_1_0$间の大战は荣光の胜利に终わった。$STRING_0_0$として知られるこの战争は、$STRING_9_0$にわたり$DATE_SHORT_0$から激化し、$STRINGS_LIST_4$で终结した。;On $DATE_LONG_1$ the Great War between $TAG_0_0$ and $TAG_1_0$ ended in our glorious victory. The war, known as $STRING_0_0$, raged from $DATE_SHORT_0$ over $STRING_9_0$, and in the end the result was $STRINGS_LIST_4$.;;;;;;;;;;;;x
gwar_we_win_medium_title;胜利！ 休战に署名！;ARMISTICE SIGNED!\n VICTORY!;;;;;;;;;;;;x
gwar_we_win_medium_desc;$DATE_LONG_1$、$TAG_0_0$鼍$TAG_1_0$间の大战は荣光の胜利に终わった。$STRING_0_0$として知られるこの战争は、$STRING_9_0$にわたり$DATE_SHORT_0$から激化した。;On $DATE_LONG_1$ the Great War between $TAG_0_0$ and $TAG_1_0$ ended in our glorious victory. The war, known as $STRING_0_0$, raged from $DATE_SHORT_0$ over $STRING_9_0$.;;;;;;;;;;;;x
gwar_we_win_small_title;$TAG_3_0$の胜利！;Victory over $TAG_3_0$!;;;;;;;;;;;;x;;;;
gwar_we_win_small_desc;$STRING_0_0$は$TAG_3_0$の败北で终わった。;$STRING_0_0$ has ended with the defeat of $TAG_3_0$.;;;;;;;;;;;;x
gwar_we_lose_large_title;屈辱の日。$TAG_2_0$と和平に署名！;A SHAMEFUL DAY.\nPEACE WITH $TAG_2_0_UPPER$ SIGNED!;;;;;;;;;;;;x
gwar_we_lose_large_desc;$DATE_LONG_1$、$TAG_2_0$との大战は我が国の屈辱的败北で终わった。$STRING_0_0$として知られるこの战争は、$STRING_9_0$にわたり$DATE_SHORT_0$から激化し、$STRINGS_LIST_4$で终结した。;On $DATE_LONG_1$ the Great war against $TAG_2_0$ ended in our shameful defeat. The war, known as $STRING_0_0$, raged from $DATE_SHORT_0$ over $STRING_9_0$, and in the end the result was $STRINGS_LIST_4$.;;;;;;;;;;;;x
gwar_we_lose_medium_title;$TAG_2_0$との和平！;PEACE WITH $TAG_2_0_UPPER$!;;;;;;;;;;;;x
gwar_we_lose_medium_desc;$DATE_LONG_1$、$TAG_0_0$鼍$TAG_1_0$间の大战は、我が国の屈辱的败北で终わった。$STRING_0_0$として知られるこの战争は、$STRING_9_0$にわたり$DATE_SHORT_0$から激化した。;On $DATE_LONG_1$ the Great War between $TAG_0_0$ and $TAG_1_0$ ended in our shameful defeat. The war, known as $STRING_0_0$, raged from $DATE_SHORT_0$ over $STRING_9_0$.;;;;;;;;;;;;x
gwar_we_lose_small_title;$TAG_2_0$との和平！;Peace with $TAG_2_0$;;;;;;;;;;;;x
gwar_we_lose_small_desc;$STRING_0_0$は$TAG_2_0$の手により我が国の败北で终わった。;$STRING_0_0$ has ended with our defeat at the hands of $TAG_2_0$;;$STRING_0_0$ endete mit unserer Niederlage durch $TAG_2_0$;;;;;;;;;;x
war_we_win_large_title;休战に署名！ $TAG_3_0$、降伏;ARMISTICE SIGNED!\n $TAG_3_0_UPPER$ SURRENDERS;;;;;;;;;;;;x
war_we_win_large_desc;$DATE_LONG_1$、$TAG_0_0$鼍$TAG_1_0$间の战争は荣光の胜利に终わった。$STRING_0_0$として知られるこの战争は、$STRING_9_0$にわたり$DATE_SHORT_0$から激化し、$STRINGS_LIST_4$で终结した。;On $DATE_LONG_1$ the War between $TAG_0_0$ and $TAG_1_0$ ended in our glorious victory. The war, known as $STRING_0_0$, raged from $DATE_SHORT_0$ over $STRING_9_0$, and in the end the result was $STRINGS_LIST_4$.;;;;;;;;;;;;x
war_we_win_medium_title;胜利！ 休战に署名！;ARMISTICE SIGNED!\n VICTORY!;;;;;;;;;;;;x
war_we_win_medium_desc;$DATE_LONG_1$、$TAG_0_0$鼍$TAG_1_0$间の战争は荣光の胜利に终わった。$STRING_0_0$として知られるこの战争は、$STRING_9_0$にわたり$DATE_SHORT_0$から激化した。;On $DATE_LONG_1$ the War between $TAG_0_0$ and $TAG_1_0$ ended in our glorious victory. The war, known as $STRING_0_0$, raged from $DATE_SHORT_0$ over $STRING_9_0$.;;;;;;;;;;;;x
war_we_win_small_title;$TAG_3_0$に胜利！;Victory over $TAG_3_0$!;;;;;;;;;;;;x
war_we_win_small_desc;$STRING_0_0$は$TAG_3_0$の败北によって终わった。;$STRING_0_0$ has ended with the defeat of $TAG_3_0$.;;;;;;;;;;;;x
war_we_lose_large_title;屈辱の日。 $TAG_2_0$との和平に署名！;A SHAMEFUL DAY.\nPEACE WITH $TAG_2_0_UPPER$ SIGNED!;;;;;;;;;;;;x
war_we_lose_large_desc;$DATE_LONG_1$、$TAG_2_0$との战争は我が国の屈辱的败北で终わった。$STRING_0_0$として知られるこの战争は、$STRING_9_0$にわたり$DATE_SHORT_0$から激化し、$STRINGS_LIST_4$で终结した。;On $DATE_LONG_1$ the war against $TAG_2_0$ ended in our shameful defeat. The war, known as $STRING_0_0$, raged from $DATE_SHORT_0$ over $STRING_9_0$, and in the end the result was $STRINGS_LIST_4$.;;;;;;;;;;;;x
war_we_lose_medium_title;屈辱の和平に署名！;SHAMEFUL PEACE SIGNED!;;;;;;;;;;;;x
war_we_lose_medium_desc;$DATE_LONG_1$、$TAG_0_0$鼍$TAG_1_0$间の战争は、我が国の屈辱的败北で终わった。$STRING_0_0$として知られるこの战争は、$STRING_9_0$にわたり$DATE_SHORT_0$から激化した。;On $DATE_LONG_1$, the War between $TAG_0_0$ and $TAG_1_0$ ended in our shameful defeat. The war, known as $STRING_0_0$, raged from $DATE_SHORT_0$ over $STRING_9_0$, and in the end $TAG_2_0$ was the victor.;;;;;;;;;;;;x
war_we_lose_small_title;$TAG_2_0$との和平;Peace with $TAG_2_0$;;;;;;;;;;;;x
war_we_lose_small_desc;$STRING_0_0$は$TAG_2_0$の手により我が国の败北で终わった。;$STRING_0_0$ has ended with our defeat at the hands of $TAG_2_0$;;;;;;;;;;;;x
rebels_win_small_title;革命！;Revolution!;;;;;;;;;;;;x
rebels_win_small_desc;$STRING_0_0$は$TAG_0_0$を击破し、国を转鳘させた。, what will the $STRING_0_3$ $STRING_0_4$ do now?;$STRING_0_0$ have defeated $TAG_0_0$ and broken the country, what will the $STRING_0_3$ $STRING_0_4$ do now?;;;;;;;;;;;;x
KEYNAME;TEXT;TEXT;;;;;;;;;;;;x
some_fake_1836_title_1;Opiate update!;;;;;;;;;;;;;x
some_fake_1836_1;Opium craze sweeps China, traders state its long journey, but worth the trip.;;;;;;;;;;;;;x
some_fake_1836_title_2;エ艹テル流行;Ether craze;;;;;;;;;;;;x
some_fake_1836_2;Popularity of ether frolics on the rise, pundits claim Its a gas!?;;;;;;;;;;;;x
some_fake_1836_title_3;甘い梦;Sweet Dreams;;;;;;;;;;;;x
some_fake_1836_3;米国の外科医が、手术で全身麻呛を初めて使用、肿疡除去のため患者を眠らせた。;First use of general anaesthesia in an operation, surgeon in USA puts patient to sleep for tumour removal.;;;;;;;;;;;;x
some_fake_1836_title_4;コ艹ド名;Code words;;;;;;;;;;;;x
some_fake_1836_4;Worlds first electrical telegraph message sent in USA by Samuel Morse in the USA.;;;;;;;;;;;;;x
some_fake_1836_title_5;Philatelists rejoice!;;Philatelisten jauchzet!;;;;;;;;;;;x
some_fake_1836_5;Postage stamp introduced in the United kingdom, known as Penny Black?it features a picture of the young Queen, Victoria.;;";;;;;;;;;;;x
some_fake_1836_title_6;发卖！;Out now!;;;;;;;;;;;;x
some_fake_1836_6;ロシアで出版された「死せる魂」が、批评家からは难解すぎるとの意见も。;"Dead souls" released in Russia, critics claim it is too difficult.;;;;;;;;;;;;x
some_fake_1836_title_7;Woodwind or Brass?;;;;;;;;;;;;;x
some_fake_1836_title_8;ゴ艹ルドラッシュ！;Gold rush!;;;;;;;;;;;;x
some_fake_1836_8;カリフォルニアで黄金が发见され、矿夫がこの地域へ急增！;Gold discovered in California, massive rush of prospectors to the area!;;;;;;;;;;;;x
some_fake_1836_title_9;The Raven' published;;Der Rabe?verffentlicht;;;;;;;;;;;x
some_fake_1836_9;A grim tour-de-force, Poes latest short story is sure to raise the hairs on the back of your neck.;;Eine dstere Glanzleistung, Poes neueste Kurzgeschichte sorgt fr Gnsehaut.;;;;;;;;;;;x
some_fake_1836_title_10;The bountiful female form;;;;;;;;;;;;;x
some_fake_1836_10;(reader discretion is advised) Female waist and hip sizes are apparently at an all-time minimum and maximum respectively. Continued on page 5;;;;;;;;;;;;;x
some_fake_1836_title_11;社说:;Editorial;;;;;;;;;;;;x
some_fake_1836_11;自由主义は西洋文明を破坏するだろう。强力な政府がなければ人苘は饥えてしまい、生き延びるため、子供らを养うために、野蛮人に戾ってしまうに违いない。(10面参照);This liberalism will destroy the western civilisation. Without strong government, people are going to starve and revert to barbarism to survive and feed their children. (see pg. 10);;;;;;;;;;;x
some_fake_1850_title_1;我苘の祖先？;Our ancestors?;;;;;;;;;;;;x
some_fake_1850_1;科学者たちはドイツでの「ネアンデルタ艹ル人」化石k见に惊いた。;Scientists amazed by "Neanderthal man" fossil discovery in Germany.;;;;;;;;;;;;x
some_fake_1850_title_2;社说:;Editorial;;;;;;;;;;;;x
some_fake_1850_2;It is the assured opinion of this newspaper that animal-fat is the perfect substance for greasing bullet-cartridges. See how we reached this unshakable conclusion inside (see pg 10);;;;;;;;;;;;x
some_fake_1850_title_3;Canals in decline;;;;;;;;;;;;;x
some_fake_1850_3;The once-proud canal system of our nation is seen to be in precipitous decline. What can be done? Continued on page 4;;;;;;;;;;;;;x
some_fake_1860_title_1;リンカ艹ン暗杀;Lincoln assassinated;;;;;;;;;;;;x
some_fake_1860_1;エイブラハム鼍リンカ艹ンがフォ艹ドの剧场でジョン鼍ウィルクス鼍ブ艹スに至近距离で击たれ杀害された。;Abraham Lincoln assassinated in Fords theatre by John Wilkes Booth, shot dead at close range.;;;;;;;;;;;;x
some_fake_1860_title_2;リンカ艹ンお见事;Lincoln fine;;;;;;;;;;;;x
some_fake_1860_2;ジョン鼍ウィルクス鼍ブ艹スによるエイブラハム鼍リンカ艹ン暗杀未遂、大yIはフォ艹ドの剧场のバルコニ艹から加害者を投げた。;Failed assassination attempt of Abraham Lincoln by John Wilkes Booth, President throws assailant from balcony of Fords theatre.;;;;;;;;;;;;x
some_fake_1860_title_3;Unsporting;;;;;;;;;;;;;x
some_fake_1860_3;Military Submarine invented, globally agreed to be unfair?and banned for all time.;;;;;;;;;;;;;x
some_fake_1860_title_4;Healthcare;;;;;;;;;;;;;x
some_fake_1860_4;フロ艹レンス鼍ナイチンゲ艹ルはロンドンの圣トマス病院に看护师のための学校を设立した。;Florence Nightingale founds school for nurses in St Thomas' Hospital, London.;;;;;;;;;;;;x
some_fake_1860_title_5;Elements organised;;;;;;;;;;;;;x
some_fake_1860_5;Dmitri Mendeleev invents periodic table, listing all 56 known elements.;;;;;;;;;;;;;x
some_fake_1860_title_6;Cycle fad spreads;;;;;;;;;;;;;x
some_fake_1860_6;Bicycle craze sweeps western world, Velocipedes are must haves!;;;;;;;;;;;;;x
some_fake_1860_title_7;Sombrero width at an all-time high;;;;;;;;;;;;;x
some_fake_1860_7;It is reported that the width of an average banditos sombrero has risen to an astounding 57 inches in Mexico.;;;;;;;;;;;;;x
some_fake_1860_title_8;Fire-brigade' established;;;;;;;;;;;;;x
some_fake_1860_8;They're new, but they're good. ;;Neu und unglaublich gut.;;;;;;;;;;;x
some_fake_1860_title_9;サッカ艹が人气を博す;Football gains popularity;;;;;;;;;;;;x
some_fake_1860_9;サッカ艹协会の试合への参加者数が最近增加しており、その光景は劳恸者や贫困层メンバ艹の间で特に人气があることが证明されている。;Attendances at association football matches have risen recently, with the spectacle proving especially popular amongst members of the labouring and destitute classes. ;;;;;;;;;;;;x
some_fake_1860_title_10;社说:;Editorial;;;;;;;;;;;;x
some_fake_1860_10;Beware the female bicycleatrix. Women astride machines, petticoats fluttering carelessly in the breeze, ankles exposed for all to see, will send men into a deranged frenzy ( pg. 10);;Vorsicht vor weiblicher Rad-Amazone (mehr auf Seite 10);;;;;;;;;;;x
some_fake_1860_title_11;ポンペイとヘルクラネウムに光が戾る;Pompeii and Herculaneum back to light;;;;;;;;;;;;x
some_fake_1860_11;New methods of excavation return to the world the cities destroyed by Vesuvius in 79 AD.;;;;;;;;;;;;;x
some_fake_1870_title_1;社说:;Editorial;;;;;;;;;;;;x
some_fake_1870_1;The backward African peoples long for our benevolent governance. Much as the Irish graciously welcomed British overlordship, the black race crave the guiding hand of whites (pg. 10);;Rckstndige Vlker Afrikas ersehnen unsere gtige Fhrung (mehr auf Seite 10);;;;;;;;;;;x
some_fake_1870_title_2;Literature:;;Literatur:;;;;;;;;;;;x
some_fake_1870_2;Around the World in 80 days, reviewed for the reader's pleasure and education.;;Um die Welt in 80 Tagen, fr Lesespa?und Bildung unserer Leser rezensiert.;;;;;;;;;;;x
some_fake_1870_title_3;コルセット关连の失神;Corset-related fainting;;;;;;;;;;;;x
some_fake_1870_3;史上最高！ しかしまたしても我が国の温泉鼍病院鼍长椅子はコルセット缔め过ぎの牺牲者であふれている。;Is at an all-time high! Yet again our nations spas, hospitals and chaise-longues are inundated with victims of corset overtightening.;;;;;;;;;;;;x
some_fake_1880_title_1;飞行成功！;Airborn Success!;;;;;;;;;;;;x
some_fake_1880_1;フランスの军用飞行船ラ鼍フランスは、往复w行に成功した最初の动力飞行船となった。;La France, a French military airship, becomes first powered airship to make a successful round trip.;;;;;;;;;;;;x
some_fake_1880_title_2;High-rise Buildings;;Hochhuser;;;;;;;;;;;x
some_fake_1880_2;Sky-Scrapers?built in America, these massive steel-framed buildings tower over their surroundings.;;Sky-Scraper?in Amerika, massive stahl-ummantelte Hochhuser berragen ihre Umgebung.;;;;;;;;;;;x
some_fake_1880_title_3;Mint juleps saved!;;Mint Julep gerettet!;;;;;;;;;;;x
some_fake_1880_3;Marvin C. Stone, in the USA, invents the drinking straw?;;Marvin C. Stone, USA, erfindet den Strohhalm?;;;;;;;;;;;x
some_fake_1880_title_4;Nothing can go wrong here;;Da kann nichts schiefgehen;;;;;;;;;;;x
some_fake_1880_4;Cure for morphine addiction discovered in USA: Coca-wine!;;Heilung fr Morphium-Sucht in USA entdeckt: Koka-Wein!;;;;;;;;;;;x
some_fake_1880_title_5;ビスマルクが辞任;Bismarck resigns;;;;;;;;;;;;x
some_fake_1880_5;ビスマルクがドイツの首相を辞任、国家という船は操纵士を失った。;Bismarck resigns as Chancellor of Germany, ship of state loses her pilot.;;;;;;;;;;;;x
some_fake_1880_title_6;社说:;Editorial;;;;;;;;;;;;x
some_fake_1880_6;This socialism will destroy western civilisation. Why, it will empower the working classes, allowing them to believe they are as good and worthy as the rich. Pish & fipsy! (pg 10) ;;Sozialismus wird westliche Zivilisation zerstren (mehr auf Seite 10);;;;;;;;;;;x
some_fake_1880_title_7;Should the American government act?;;Sollte die Regierung Amerikas handeln?;;;;;;;;;;;x
some_fake_1880_7;Lynchings of members of the negro race have become commonplace across the heartlands of America. The editorial board of this publication asks: Should the state intervene to stop this practise? ;;Lynchmorde unter den Schwarzen nehmen in den mittleren Staaten Amerikas zu. Wir stellen die Frage: Sollte der Staat eingreifen und dem ein Ende setzen?;;;;;;;;;;;x
some_fake_1890_title_1;Lift off!;;Abheben!;;;;;;;;;;;x
some_fake_1890_1;The Ader Eole, a steam powered heavier than air craft, makes a short powered flight near Paris.;;Die Ader Eole, ein dampfgetriebenes Gefhrt schwerer als Luft, absolviert kurzen Flug nahe Paris.;;;;;;;;;;;x
some_fake_1890_title_2;飞行に成功！;Successful Flight!;;;;;;;;;;;;x
some_fake_1890_2;Derwitzer Glider becomes the first successful manned aircraft in the world, covering flight distances of up to about 80 feet near Derwitz in Brandenburg.;;Derwitzer Glider wird erstes erfolgreiches, bemanntes Fluggert der Welt und berwindet bis zu 80 Fu?Distanz bei Derwitz in Brandenburg.;;;;;;;;;;;x
some_fake_1890_title_3;Moving Pictures!;;Bewegte Bilder!;;;;;;;;;;;x
some_fake_1890_3;The Kinetoscope astounds viewers by displaying moving pictures at the Brooklyn Institute of Arts and Sciences.;;Kinetoskop beeindruckt Publikum im Brooklyn Insitute of Arts and Sciences mit bewegten Bildern.;;;;;;;;;;;x
some_fake_1890_title_4;Hurrah! Tis the gay 90s;;Hurra! Hier sind die wilden 90er;;;;;;;;;;;x
some_fake_1890_4;As a gayer time than now has surely never been and never again will be, the editorial board respectfully suggests that the phrase the gay 90s?should make its way into the lexicon of our daily discourse.;;Eine wildere Zeit als diese hat es noch nie gegeben und wird es wohl nie wieder geben. Wir schlagen daher vor, den Begriff Die Wilden 90er?ins Lexikon aufzunehmen.;;;;;;;;;;;x
some_fake_1890_title_5;Could man one day soar?;;Kann der Mensch eines Tages fliegen?;;;;;;;;;;;x
some_fake_1890_5;Across our nation, dreamers are speculating that man could one day take to the heavens using mechanical contraptions.;;Landesweit hoffen Trumer, dass der Mensch eines Tages mithilfe mechanischer Gerte den Himmel erobern wird.;;;;;;;;;;;x
some_fake_1890_title_6;社说:;Editorial;;;;;;;;;;;;x
some_fake_1890_6;If He had wished man to fly, He would have granted us wings - a guest commentary written by the ship magnate and major shareholder of this newspaper Charles O'Ligarch. (see pg. 10);;Wenn Gott wollte, das wir fliegen, htte er uns Flgel gegeben (mehr auf Seite 10);;;;;;;;;;;x
some_fake_1890_title_7;Wrong End Foremost;;Falsches Ende gibt Ton an;;;;;;;;;;;x
some_fake_1890_7;著名な古生物学者O鼍C鼍マ艹シュは本日、コ艹プ教授によって集められた有名なエラスモサウルスが实际には头が末尾に取り付けられていたことを明らかにした。教授にはコメントを得られなかった。;Reputed paleontologist O.C Marsh revealed today that the famed Elasmosaurus assembled by Professor Cope has in fact its head attached to its tail end. The professor was not available for comment.;;;;;;;;;;;;x
some_fake_1900_title_1;空气より轻い;Lighter than air;;;;;;;;;;;;x
some_fake_1900_1;最初のツェッペリンの飞行が、ドイツのフリ艹ドリヒスハ艹フェン近郊、ボ艹デン湖で行われる。;The first zeppelin flight occurs over Lake Constance near Friedrichshafen, Germany.;;;;;;;;;;;;x
some_fake_1900_title_2;灾害！;Disaster!;;;;;;;;;;;;x
some_fake_1900_2;强大なハリケ艹ンがテキサス州ガルベストンを袭い、约8,000人が死亡した。;A powerful hurricane has hit Galveston, Texas, USA killing around 8,000 people.;;;;;;;;;;;;x
some_fake_1900_title_3;灾害！;Disaster!;;;;;;;;;;;;x
some_fake_1900_3;マルティニ艹クで、モン鼍プレ艹が喷火、サンピエ艹ルの町を破坏し、3万人以上が死亡した。;In Martinique, Mount Pele has erupted, destroying the town of Saint-Pierre and killing over 30,000.;;;;;;;;;;;;x
some_fake_1900_title_4;灾害！;Disaster!;;;;;;;;;;;;x
some_fake_1900_4;ベスビオ山が喷火し、ナポリを坏灭させた。;Mount Vesuvius has erupted, devastating Naples.;;;;;;;;;;;;x
some_fake_1900_title_6;灾害！;Disaster!;;;;;;;;;;;;x
some_fake_1900_6;地震と津波がシチリアのメッシナとカラブリアを袭い、7万人以上が死亡した。;An earthquake and tsunami has hit  Messina and Calabria, in Sicily, killing over 70,000 people.;;;;;;;;;;;;x
some_fake_1900_title_7;The Captain of Kpenick;;Der Hauptmann von Kpenick;;;;;;;;;;;x
some_fake_1900_7;An impostor masquerading as a German military officer managed to fool soldiers in Berlin and steal over 4000 marks due to so-called suspicions of crooked bookkeeping. He gave a receipt. ;;Hochstapler gibt sich als deutscher Militroffizier aus, trickst Soldaten in Berlin aus und stiehlt mehr als 4000 Mark wegen angeblich falscher Buchfhrung. Er gab eine Quittung.;;;;;;;;;;;x
some_fake_1910_title_1;灾害！;Disaster!;;;;;;;;;;;;x
some_fake_1910_1;これまで建造された中で最大の船であるRMSタイタニック号が、I女航海中に北大西洋で冰山に激突した诟に沈没、1500以上の人苘が死亡したと思われる。;The RMS Titanic, the largest ship ever built, has sunk after striking an iceberg in the North Atlantic during her maiden voyage, over 1,500 people are believed to have perished in the disaster.;;;;;;;;;;;;x
some_fake_1910_title_2;灾害！;Disaster!;;;;;;;;;;;;x
some_fake_1910_2;北海の岚がオランダを袭い、低地が锢膜筏皮い搿1万もの人が死亡したと思われる。;North Sea storm hits the Netherlands, flooding the lowlands. 10,000 people believed dead.;;;;;;;;;;;;x
some_fake_1910_title_3;发见！;Discovery!;;;;;;;;;;;;x
some_fake_1910_3;ハイラム鼍ビンガムは、以前には知られていなかったインカの都市マチュピチュを再发见した。;Hiram Bingham rediscovers Machu Picchu, a previously unknown Incan city.;;;;;;;;;;;;x
some_fake_1910_title_4;吃烃者、欢喜！;Smokers rejoice!;;;;;;;;;;;;x
some_fake_1910_4;ギデオン鼍サンドバックによってジッパ艹が发明された。;Zipper invented by Gideon Sundback.;;;;;;;;;;;;x
some_fake_1910_title_5;Breakfast is saved;;;;;;;;;;;;;x
some_fake_1910_5;Charles Strite invents the  pop-up bread toaster.;;;;;;;;;;;;;x
some_fake_1910_title_6;大陆移动说;Continental drift' postulated;;;;;;;;;;;;x
some_fake_1910_6;ドイツの著名な科学者アルフレ艹ト鼍ヴェ艹ゲナ艹は、我苘が立っているこの大陆は地球の表面上を动いているという理论を提示した。;Alfred Wegener, a prominent German scientist, has put forth the theory that the very continents upon which we stand could be moving about on the Earth's surface.;;;;;;;;;;;;x
some_fake_1910_title_7;General relativity;;;;;;;;;;;;;x
some_fake_1910_7;Albert Einstein has published his theory of general relativity, a confusing and complicated set of formulae which seeks to explain the relationship between space, time, gravity and a myriad of other forces.;;;;;;;;;;;;;x
some_fake_1910_title_8;社说:;Editorial;;;;;;;;;;;;x
some_fake_1910_8;This feminism will destroy western civilisation. Equality of the sexes is a depravity which no civilised people would contemplate. Why, feminism could lead to women drivers (pg. 10);;Der Feminismus wird westl. Zivilisation zerstren (mehr auf Seite 10);;;;;;;;;;;x
some_fake_1910_title_9;Free inside:;;Kostenlose Beilage:;;;;;;;;;;;x
some_fake_1910_9;A 'cross-word puzzle', a whimsical pastime which will nonetheless allow the reader to demonstrate the fortitude of their perspicacity. ;;Ein 'Kreuzwort-Rtsel', ein netter Zeitvertreib, mit dem unsere Leser ihren Scharfsinn demonstrieren knnen.;;;;;;;;;;;x
some_fake_1910_title_10;Sherlock Holmes' ending controversy;;Kontroverse zum Ende von Sherlock Holmes;;;;;;;;;;;x
some_fake_1910_10;After a massive fan outcry due to the bittersweet death of the famous detective, author Sir Arthur Conan Doyle decides to bring him back from the dead, providing clarification and closure.;;Nach massivem Aufschrei der Fans zum bittersen Ende des berhmten Detektivs, entschliet sich Sir Arthur Conan Doyle ihn wiederzubeleben und verspricht Klarheit und Abschluss.;;;;;;;;;;;x
some_fake_1920_title_1;记录的な飞行;Flight record;;;;;;;;;;;;x
some_fake_1920_1;チャ艹ルズ鼍リンドバ艹グは、ニュ艹ヨ艹クからパリまで无休单独飞行で大西洋を横断(1927年5月20日-21日)した初めての人となった。;Charles Lindbergh becomes the first person to fly solo across the Atlantic Ocean (May 20?1, 1927), nonstop from New York to Paris.;;;;;;;;;;;;x
some_fake_1920_title_2;To the stars!;;Zu den Sternen!;;;;;;;;;;;x
some_fake_1920_2;Worlds first flight of a liquid-fueled rocket by Robert Goddard.;;Weltweit erster Raketenflug mit Flssigtreibstoff von Robert Goddard.;;;;;;;;;;;x
some_fake_1920_title_3;An end to beards?;;Das Ende der Brte?;;;;;;;;;;;x
some_fake_1920_3;First electric razor patented by the American manufacturer Col. Jacob Schick.;;Erster elektr. Rasierer vom amerikanischen Hersteller Col. Jacob Schick patentiert.;;;;;;;;;;;x
some_fake_1920_title_4;The future of music;;Zukunftsmusik;;;;;;;;;;;x
some_fake_1920_4;The first selective Jukeboxes introduced by the Automated Musical Instrument Company.;;Erster Musikautomat mit Musikwahl von Automated Musical Instrument Company vorgestellt.;;;;;;;;;;;x
some_fake_1920_title_5;なぜかはわからない;We don't know why;;;;;;;;;;;;x
some_fake_1920_5;ポ艹ルシッティングの流行が西洋世界を风靡している;Pole-sitting fad sweeps western world.;;;;;;;;;;;;x
some_fake_1920_title_6;社说:;Editorial;;;;;;;;;;;;x
some_fake_1920_6;This 'television' genuinely will destroy western civilisation. Today, horrendous wooden puppets, tomorrow, horrendous drunken and lascivious twenty-somethings? (see page 10);;Fernseher werden westliche Zivilisation vernichten (mehr auf Seite 10);;;;;;;;;;;x
some_fake_1920_title_7;社说:;Editorial;;;;;;;;;;;;x
some_fake_1920_7;This 'jazz' will destroy western civilisation. Never in the history of music has such a corrupting rhythm been heard. The jungle beat has no place in our repressed society (pg. 10) ;;Jazz wird westl. Zivilisation vernichten (weiter auf Seite 10);;;;;;;;;;;x
some_fake_1920_title_8;The jazz craze!;;Der Jazz-Wahn!;;;;;;;;;;;x
some_fake_1920_8;A new fad has awakened the passions of the nation's music-listeners. Frenetic dancing, unchaperoned licentiousness and race-mixing are natural byproducts of this far out and wrong musical form.;;Musikliebhaber von neuer Marotte erfasst: Frenetische Tnze, Zuchtlosigkeit und Rassenvermischung sind Nebenprodukte dieser falschen Musikform.;;;;;;;;;;;x
some_fake_1920_title_9;Literary digest: Ulysees;;Literatur-bersicht: Ulysees;;;;;;;;;;;x
some_fake_1920_9;Penned by Irish-man of some repute, James Joyce, Ulysees describes one day in the life of a Dublin protagonist merely living his life in a normal fashion, struggling... (continued on page 19);;Bekannter Ire James Joyce beschreibt in Ulysees einen Tag im Leben eines Protagonisten in Dublin und seinen Widrigkeiten (mehr auf Seite 19);;;;;;;;;;;x
some_fake_1920_title_10;To Egypt!;;Auf nach gypten!;;;;;;;;;;;x
some_fake_1920_10;More astounding archaeological discoveries occured today in the Nile region, furthering the international fascination with all things Oriental... (continued on page 2);;Weitere erstaunliche, archologische Entdeckungen in der Nil-Region befeuern Faszination mit dem Orientalischen ?(weiter auf Seite 2);;;;;;;;;;;x
some_fake_1920_title_11;Bauhaus architecture;;Bauhaus-Architektur;;;;;;;;;;;x
some_fake_1920_11;A futuristic new artistic archetectural style, known as Bauhaus, has risen to prominence in the cities of Weimar, Berlin and Dessau.;;Futuristischer, neuer Kunst-Architekturstil, bekannt als Bauhaus, erobert die Stdte Weimar, Berlin und Dessau.;;;;;;;;;;;x
some_fake_1920_title_12;Oddball duo cause chaos;;Verrcktes Duo erzeugt Chaos;;;;;;;;;;;x
some_fake_1920_12;Two men, one fat and one thin, have appeared in court accused of mischief-making and general buffoonery. Due to the severity of the crime, which involved the demolition of a house and theft of an ass, prosecuters are expected to seek the death penalty.;;Zwei Mnner, einer dick, einer dnn, stehen wegen groben Unfugs und grober Clownerei vor Gericht. Aufgrund der Schwere der Vorwrfe, die die Zerstrung eines Hauses und Diebstahl umfassen, wird die Forderung der Todesstrafe durch Anklger erwartet.;;;;;;;;;;;x
some_fake_ANY_title_1;犬、子供を啮む。;Dog bites a child.;;;;;;;;;;;;x
some_fake_ANY_1;恶意ある动物の攻击により地域社会は冲击を受け、子供たちの安全に关心のある亲は行动を求めている。;Vicious animal attack leaves community in shock, parents concerned with safety of their children demand action. ;;;;;;;;;;;;x
some_fake_ANY_title_2;Global cooling.;;Globale Abkhlung.;;;;;;;;;;;x
some_fake_ANY_2;Scientists warn another ice age might be starting as recorded temperatures drop from year to year.;;Forscher warnen vor neuer Eiszeit, da Temperaturen jhrlich fallen.;;;;;;;;;;;x
some_fake_ANY_title_3;Missing child found;;Vermisstes Kind gefunden;;;;;;;;;;;x
some_fake_ANY_3;He was hiding in a barn! The missing child case resolved after extensive search by local volunteers discovers the child hiding in the nearby abandoned building.;;Versteckt in einer Scheune! Der Fall eines vermissten Kindes fand gutes Ende, nachdem engagierte Suchmannschaften es in einem nahen, verlassenen Gebude fanden.;;;;;;;;;;;x
some_fake_ANY_title_5;Damsel brutally murdered;;Maid brutal ermordet;;;;;;;;;;;x
some_fake_ANY_5;The horrifically-mutilated corpse of a damsel was discovered yesterday tied to a train track. The public is advised to be on the lookout for a man with a large moustache, a top hat and a black opera cloak.;;Entsetzlich entstellter Krper einer jungen Maid wurde gestern, an Eisenbahnschienen gefesselt, gefunden. Fahndung nach Mann mit Schnauzbart, Zylinder und schwarzem Umhang luft.;;;;;;;;;;;x
some_fake_ANY_title_6;Rabbit emerges from hat;;Der Hase aus dem Hut;;;;;;;;;;;x
some_fake_ANY_6;A man, who claimed to possess mystic powers, was seen to produce a rabbit from a top hat yesterday. He is currently being investigated on suspicion of unnatural practises.;;Ein Mann mit angeblich mystischen Krften wurde gestern gesehen, als er einen Hasen aus dem Hut zauberte. Untersuchungen mit Verdacht auf unnatrliche Praktiken im Gange.;;;;;;;;;;;x
some_fake_ANY_title_7;A glimpse into the year 2000;;Ein Blick in das Jahr 2000;;;;;;;;;;;x
some_fake_ANY_7;A prominent futurologist has granted an insight into the distant year 2000 A.D. Speaking to our futurology correspondent, he said "By 2000 each landed gentleman will own at least 5 hot-air balloons".;;Ein bekannter Zukunftsforscher gibt Einblick in das ferne Jahr 2000 A.D. Er sagt: Im Jahr 2000 besitzt jeder Gentleman wenigstens 5 Heiluftballons?;;;;;;;;;;;x
some_fake_ANY_title_8;News counterfeiting!;;Geflschte Nachrichten!;;;;;;;;;;;x
some_fake_ANY_8;An Irish-man, a Pole, and a Prussian were arrested yesterday as part of an ongoing investigation into a shadowy cabal which concocted news stories and presented them as if they were factual.;;Festnahmen gegen einen Iren, Polen und Preuen im Rahmen der Untersuchung einer Schattenorganisation, die der Erstellung falscher Nachrichten und deren Verkauf als Fakten verdchtigt werden.;;;;;;;;;;;x
some_fake_ANY_title_9;12人が突き杀される!;12 Gored!;;;;;;;;;;;;x
some_fake_ANY_9;昨日、雄牛が暴れ、男性5人?女性7人を死亡させた。これまで稳やかな性质だったという牛は、通りかかった烃突扫除人に首をはねられた。;An enraged gentleman cow gored 5 men and 7 women to death yesterday. The gentleman cow, who had previously been of a gentle nature, was beheaded by a passing chimney-sweep.;;;;;;;;;;;;x
some_fake_ANY_title_10;Bridge collapse!;;Brcke eingestrzt!;;;;;;;;;;;x
some_fake_ANY_10;Claims the life of a butcher just outside our nation's capital. The bucther, who was a character of some repute in the locality in question, is survived by his brother, a baker, and a son who manufactures and sells candlesticks.;;Ein Metzger wurde auerhalb unserer Hauptstadt in den Tod gerissen. Der lokal bekannte Metzger hinterlsst seinen Bruder, einen Bcker und einen Sohn, der Kerzenhalter herstellt und verkauft.;;;;;;;;;;;x
some_fake_ANY_title_11;バルカンの平静;Balkans quiet;;;;;;;;;;;;x
some_fake_ANY_11;先迳の日曜、セルビア人鼍クロアチア人鼍ボスニア人鼍トルコ人鼍ブルガリア人鼍ル艹マニア人鼍アルバニア人鼍ギリシア人が集まり、バルカン半岛が现在浸っている大いなる平和を祝った。;Serbs, Croats, Bosnians, Turks, Bulgarians, Romanians, Albanians and Greeks came together last Sunday to celebrate the great peace in which the Balkan peninsula presently bathes.;;;;;;;;;;;;x
some_fake_ANY_title_12;投书;Letter to the editor;;;;;;;;;;;;x
some_fake_ANY_12;ある读者は、无谋な全速运转と危ない操纵で茔客の命を危险にさらす不注意なフェリ艹パイロットに注意を促している。;A reader calls attention to careless ferry pilots putting lives of passengers at risk with their reckless full speed driving and risky manoeuvres. ;;;;;;;;;;;;x
some_fake_ANY_title_13;天候;The weather;;;;;;;;;;;;x
some_fake_ANY_13;Probabilities for the next week: Cloudy and rainy, with north and north-east winds and lowering temperatures. ;;Aussichten fr nchste Woche: Wolkig und Regen, mit Winden aus Nord und Nordost und niedrigen Temperaturen.;;;;;;;;;;;x
some_fake_ANY_title_14;Tragic city fire;;Tragisches Feuer in Stadt;;;;;;;;;;;x
some_fake_ANY_14;Fire Department blamed for demonstrating a lack of discipline and efficiency allowing fire to spread across multiple blocks leading to the biggest and most tragic city fire to date. ;;Feuerwache wegen fehlender Disziplin und Effizienz fr das Ausbreiten eines Feuers ber mehrere Huser verantwortlich gemacht, das zum gr鲞ten Brand aller Zeiten in der Stadt fhrte.;;;;;;;;;;;x
some_fake_ANY_title_15;Fishhook robbery!;;Angel-Raub;;;;;;;;;;;x
some_fake_ANY_15;Police inform us that a robber managed to steal a substantial amount of money from a  teller's desk at a local bank using a fishhook and a stick while the teller was being distracted by an accomplice.;;Die Polizei berichtet vom Raub eines beachtlichen Geldbetrags in lokaler Bank unter Verwendung eines Angelhakens und Stockes, whrend Komplize den Kassenbeamten ablenkte.;;;;;;;;;;x;
some_fake_ANY_title_16;Let them jump!;;Lasst sie springen!;;;;;;;;;;;x
some_fake_ANY_16;If children have to be still it's a torture for them, scientists claim. Rapid movement of body being the correct expression of joy at very young age should be encouraged not frowned upon. ;;Forscher bezeichnen das Stillsitzen mssen von Kindern Folter. Ausdauernde Bewegung ist wichtig zum Ausdruck von Freude fr kleine Kinder und sollte nicht unterdrckt werden.;;;;;;;;;;;x
some_fake_ANY_title_17;Wooden pavements;;Hlzerne Brgersteige;;;;;;;;;;;x
some_fake_ANY_17;A new describes chemical processes of hardening wood to increase its endurance beyond that of traditional building materials. Should city boards begin paving streets with wooden panels?;;Neue Untersuchung enthllt chemische Prozesse zur Hrtung von Holz im Bauwesen. Sollte die Stadt Straen mit Holz pflastern?;;;;;;;;;;;x
some_fake_ANY_title_18;Life without food?;;Leben ohne Nahrung?;;;;;;;;;;;x
some_fake_ANY_18;A man claiming he can abstain from food for at least 30 days and retain full physical and mental fitness challenges physicians to subject his abilities to a test. ;;Ein Mann behauptet, 30 Tage ohne Nahrung bei voller krperlicher und geistiger Strke berleben zu knnen, und fordert Forscher heraus, ihn zu testen.;;;;;;;;;;;x
some_fake_ANY_title_19;死の热病;Deadly fever;;;;;;;;;;;;x
some_fake_ANY_19;热带から归港した船员2名が、未知の热病で死亡した模样。酷い寒荬诵いて极端なfきと妄想が起こり、最终的に息をひきとった。;Two sailors from a brig returning from tropical areas are reported to have died of an unknown fever. They experienced severe chills followed by extreme thirst and delusions until both eventually perished.;;;;;;;;;;;;x
some_fake_ANY_title_20;人工ダイヤモンド;Artificial diamonds;;;;;;;;;;;;x
some_fake_ANY_20;A European chemist claims by the process known only to himself he managed to coat an ordinary crystal with a surface resembling in every respect that of a real diamond. ;;Europischer Chemiker behauptet, mit einem nur ihm bekannten Prozess einen normalen Kristall mit Material ummantelt zu haben, der ihn in allen Aspekten zum Diamanten macht.;;;;;;;;;;;x
some_fake_ANY_title_22;神からの手纸;Letter from God;;;;;;;;;;;;x
some_fake_ANY_22;One of the poor members of our society receiving a charity letter marked as "from God" responded by giving thanks for the money received, but warns the deity against tax levy and post office theft.;;Ein armes Mitglied unserer Gesellschaft dankt dem Sender eines Almosenbriefes von Gott?fr erhaltenes Geld, warnt Sender jedoch vor Steuerforderungen und Briefraub.;;;;;;;;;;;x
some_fake_ANY_title_23;Medical news;;Medizin-Neuheiten;;;;;;;;;;;x
some_fake_ANY_23;Top European doctors have speculated that smoke from factory stacks could be responsible for the increased level of respiratory problems seen amongst children.;;Fhrende europische rzte verdchtigen Rauch aus Fabrikschloten als Ursache fr Zunahme von Atemstrungen unter Kindern.;;;;;;;;;;;x
some_fake_ANY_title_24;Vampyre hysteria;;Vampir-Hysterie;;;;;;;;;;;x
some_fake_ANY_24;Another outbreak of vampyre hysteria has occurred in Romanian lands. Superstitious peasants have taken to daubing their necks with garlic in a bid to ward off the nefarious ghouls.;;Ein neuer Fall von Vampir-Hysterie in Rumnien. Aberglubische Passanten schmieren Nacken mit Knoblauch ein, zum Schutz vor bsartigen Ghulen.;;;;;;;;;;;x
some_fake_ANY_title_25;オオカミ、４人杀害;Wolves kill four;;;;;;;;;;;;x
some_fake_ANY_25;先迳、シベリアでは、オオカミの群れが町を袭い住民４名を杀害した。ルピナス(贪欲)の兽を狩るため、武装警察が派遣された。;A pack of wolves raided a town in Siberia last week and killed four of the inhabitants. Armed policemen have been dispatched to the area to hunt down the lupine beasts.;;;;;;;;;;;;x
some_fake_ANY_title_26;Horrific puppets;;Schreckliche Puppen;;;;;;;;;;;x
some_fake_ANY_26;Ghastly puppets have become a generally accepted part of daily life. The latest terrifying abomination to make its presence felt is a smiling wooden boy with a fixed grin, styled Bimbo?;;Schreckliche Puppen finden mehr Akzeptanz. Neueste Abartigkeit ist ein debil grinsender Holzjunge im Bimbo-Stil.;;;;;;;;;;;x
some_fake_ANY_title_27;Drinking contest;;Trinkwettbewerb;;;;;;;;;;;x
some_fake_ANY_27;Irish-man Bill Whelan bested rivals from Russia and Scotland in an alcohol-consuming contest in New York last week. He attributed his victory to sheer love of booze?from his hospital bed.;;Der Ire Bill Whelan schlgt in New York Rivalen aus Russland und Schottland in einem Alkohol-Trinkwettbewerb. Den Sieg schrieb er vom Krankenbett aus der Liebe zum Fusel?zu.;;;;;;;;;;;x
some_fake_ANY_title_28;最古の男;Oldest man;;;;;;;;;;;;x
some_fake_ANY_28;Respected gentleman Jimmy Williams has been named oldest man alive. Williams, from Americans deep south, politely entreated reporters from this news-paper to remove themselves from his lawn.;;;;;;;;;;;;;x
some_fake_ANY_title_29;银行强盗！;BANK ROBBERY!;;;;;;;;;;;;x
some_fake_ANY_29;Local bank in $ANYPROVINCE$ has been invaded by a masked gang of ne'er-do-wells. The police are searching for the criminals and is granting a reward for any information leading to their capture.;;;;;;;;;;;;;x
some_fake_ANY_title_30;ツア艹中のピアノ猫;Piano Cat on tour;;;;;;;;;;;;x
some_fake_ANY_30;「ピアノ猫」として知られる有名な猫ピアニストが、今迳$OURCAPITAL$にやってくる。猫ア艹ティストは、クラシック作品のシリ艹ズを披露する予定だ。;The famous feline pianist known simply as the Piano Cat is scheduled to arrive in $OURCAPITAL$ this week. The cat artist is expected to play a series of classical pieces.;;;;;;;;;;;;x
some_fake_ANY_title_31;特e讲演;Special Lectures;;;;;;;;;;;;x
some_fake_ANY_31;The Council of Science of $OURCAPITAL$ is to present a series of special lectures on the origins of civilisation in the Fertile Crescent. Special presentations of pottery shards from Tyre are planned.;;;;;;;;;;;;;x
some_fake_ANY_title_32;注意！注意！;HEED! HEED!;;;;;;;;;;;;x
some_fake_ANY_32;巨大な岚が到来している。公安职员の指示は次のとおり。Do not sweep any chimneys during the storm. Accidents may occur if this warning is not heeded.;A storm of gigantic proportions is incoming. Instructions from Public Safety officials are: Do not sweep any chimneys during the storm. Accidents may occur if this warning is not heeded.;;;;;;;;;;;;x
some_fake_ANY_title_34;Trade Summit;;;;;;;;;;;;;x
some_fake_ANY_34;Current European and International Tariffs as well as protectionist practices will be discussed next Thursday in $OURCAPITAL$.;;;;;;;;;;;;;x
some_fake_ANY_title_35;Postal Convention;;;;;;;;;;;;;x
some_fake_ANY_35;Today $OURCOUNTRY$ and foreign authorities are assembled to discuss postage fees for all letters sent overseas.;;;;;;;;;;;;;x
some_fake_ANY_title_36;Modern Coal Trade;;;;;;;;;;;;;x
some_fake_ANY_36;The free trade of coal for railway locomotives and eventually seafaring ships in the western world is being discussed today at the local Chamber of Commerce.;;;;;;;;;;;;;x
some_fake_ANY_title_37;Unlikely to become Cardinal;;;;;;;;;;;;;x
some_fake_ANY_37;Unofficial comments from Pope's inner circle in Vatican denounce the rumors of the coming elevation of Archbishop as premature.;;;;;;;;;;;;;x
some_fake_ANY_title_38;General's funeral.;;;;;;;;;;;;;x
some_fake_ANY_38;A former general and banker who died at his house last week to be buried today. Only his intimate friends will be present at the ceremony.;;;;;;;;;;;;;x
some_fake_ANY_title_39;Mountain top birth;;;;;;;;;;;;;x
some_fake_ANY_39;A woman who fell ill during ascension to the mountain top was taken by her two companions to a shelter 4000 feet above sea level to give birth to a healthy boy.;;;;;;;;;;;;;x
some_fake_ANY_title_40;Moral expansion?;;;;;;;;;;;;;x
some_fake_ANY_40;Can we allow history to record that we crushed foreign peoples' dreams of freedom by subjugating them to our government? Can we govern them without their consent?;;;;;;;;;;;;;x
some_fake_ANY_title_41;Blackmailer arrested.;;;;;;;;;;;;;x
some_fake_ANY_41;A former actor and an alleged deserter from the army was today jailed for annoying a famous actress with requests for money.;;;;;;;;;;;;;x
some_fake_ANY_title_42;Skirting evil;;;;;;;;;;;;;x
some_fake_ANY_42;Fashion cannot dictate the dust of the sidewalks to be dragged into homes, a physician claims, and demands women abandon the new trend of wearing trailing skirts for health reasons.;;;;;;;;;;;;;x
some_fake_ANY_title_43;信仰疗法で子供死亡;Faith cure kills child;;;;;;;;;;;;x
some_fake_ANY_43;两亲が、かかりつけの医师を信仰疗法士に替えた诟、赤痢にかかった12岁の少女は病院で死亡した。;A 12 yearsold girl sick with dysentery died at a local hospital after parents replaced the family physician with a faith doctor.;;;;;;;;;;;;x
some_fake_ANY_title_44;Respect of Yardies gained!;;;;;;;;;;;;;x
some_fake_ANY_44;A local man from $ANYPROVINCE$ reports having beat down many men armed with rifles in a local pub. The man claimd the assailants put themselves at a disadvantage by using weapons.;;;;;;;;;;;;;x
some_fake_ANY_title_45;Article review;;;;;;;;;;;;;x
some_fake_ANY_45;All newspaper articles to be subjected to a review by a special board to confirm their accuracy and truthfulness. In unrelated news: The journalist writing about wooden pavements has vanished.;;;;;;;;;;;;;x
some_fake_ANY_title_46;Law discussed;;;;;;;;;;;;;x
some_fake_ANY_46;Lawyers from all over the country convened today in $OURCAPITAL$ to discuss eventual updates to the country's judiciary system in matters of civil and criminal law.;;;;;;;;;;;;;x
some_fake_ANY_title_48;The history of $OURCOUNTRY$;;;;;;;;;;;;;x
some_fake_ANY_48;A definitive multivolume work on the history of the $OURCOUNTRY$ civilization has finally been completed. Leading historians proclaim it the greatest reference yet, true to our heroic deeds.;;;;;;;;;;;;;x
some_fake_ANY_title_49;バッハコンサ艹ト;Bach Concert;;;;;;;;;;;;x
some_fake_ANY_49;A dash of nostalgia for all enthusiasts of music. A collection of Bach's most famous pieces will be played by the $OURCOUNTRY$ National Orchestra next week in the Grand Concert Hall of $OURCAPITAL$. ;;;;;;;;;;;;;x
some_fake_ANY_title_50;Stone delivered;;;;;;;;;;;;;x
some_fake_ANY_50;Inhabitants of $ANYPROVINCE$ puzzled by the delivery of gigantic pieces of marble from abroad. Rumour has it that a new grandiose monument will be built in the capital's main square.;;;;;;;;;;;;;x
some_fake_ANY_title_51;Mechanical contraptions;;;;;;;;;;;;;x
some_fake_ANY_51;Gadgets of various sorts will play an increasingly large part in everyday life, according to a top boffin who heads the engineering department at $OURCAPITAL$ university.;;;;;;;;;;;;;x
some_fake_ANY_title_52;锻冶屋の死;Blacksmith dead;;;;;;;;;;;;x
some_fake_ANY_52;昨日、$ANYPROVINCE$で锻冶屋が、蹄铁をされようとしていた马に蹴られ死亡した。;A blacksmith was kicked to death by a horse he was attempting to shoe in $ANYPROVINCE$ yesterday.;;;;;;;;;;;;x
some_fake_ANY_title_53;日食;Solar eclipse;;;;;;;;;;;;x
some_fake_ANY_53;Readers are politely reminded that a solar eclipse is due to occur this coming Friday. The temporary phenomenon is no cause for panic or work stoppages.;;;;;;;;;;;;;x
some_fake_ANY_title_54;单眼贩卖数;Monocle sales plateau;;;;;;;;;;;;x
some_fake_ANY_54;何十年にもわたって上缯していた单眼の卖上高は、平准化が见られる。;Monocle sales, which have been rising for decades, appear to have levelled out. Orders have held steady through the last quarter.;;;;;;;;;;;;x
some_fake_ANY_title_55;タイム鼍トラベル;Time travel;;;;;;;;;;;;x
some_fake_ANY_55;A prominent author of penny dreadfuls has put forth the idea that man could move backwards and forwards through time, appearing at various dates in the past and present.;;;;;;;;;;;;;x
some_fake_ANY_title_56;识字率;Literacy;;;;;;;;;;;;x
some_fake_ANY_56;Literacy is at an all-time high across the globe, new figures show. Previously the preserve of the clergy and noble classes, it is now seen even amongst the common labourer and fairer sex.;;;;;;;;;;;;;x
some_fake_ANY_title_57;Public science?lecture;;;;;;;;;;;;;x
some_fake_ANY_57;Aspiring natural philosophers are advised that a lecture on geology, or the study of rock formations, will take place in the $OURCAPITAL$ auditorium on Tuesday next. Admission is ?.;;;;;;;;;;;;;x
some_fake_ANY_title_58;Meeting interrupted;;;;;;;;;;;;;x
some_fake_ANY_58;A political club was invaded by campaigners for equality of the sexes yesterday. The womens' husbands have been reprimanded by the constabulary for neglecting to control their wives.;;;;;;;;;;;;;x
some_fake_ANY_title_59;The English Man;;;;;;;;;;;;;x
some_fake_ANY_59;The Englishman maintains a stiff upper lip, has a strong sense of fair play and is an advocate of liberty. Inventive, graceful and witty, he cuts a striking figure amongst the nationalities.;;;;;;;;;;;;;x
some_fake_ANY_title_60;Wave of Influenza;;Grippewelle;;;;;;;;;;;x
some_fake_ANY_60;Flu sweeps $OURCOUNTRY$. There are already many reported infections throughout the land. Laymen fear a pandemic might be coming, while experts assure it's just a seasonal occurrence.;;Die Grippe beutelt $OURCOUNTRY$. Infektionen breiten sich aus. Laien frchten eine Pandemie, Experten werten die Situation als saisonale Begebenheit.;;;;;;;;;;;x
some_fake_ANY_title_61;Hoarde uncovered;;Goldschatz entdeckt;;;;;;;;;;;x
some_fake_ANY_61;The remnants of an old coin hoard were found in $ANYPROVINCE$ this week. Authorities mention many pieces of golden coinage discovered by a farmer plowing a field after heavy rain.;;Die Reste eines alten Goldschatzes wurden diese Woche in $ANYPROVINCE$ entdeckt. Offizielle melden Unmenge an Goldmnzen, die von Bauern in der Feldarbeit im Regen ausgegraben wurden.;;;;;;;;;;;x
some_fake_ANY_title_62;メ艹トル法は马鹿げている;Metric Nonsense;;;;;;;;;;;;x
some_fake_ANY_62;英国のある政治家は、ヤ艹ドポンド法こそ永续の单位だ、として「フランスのメ艹トル法のような马鹿げた单位は决して广まらない」と主张している。;According to a British statesman, the Imperial System is the way of the future: 'This French Metric nonsense is bound to never catch on' he claims.;;;;;;;;;;;;x
GOODS_PRICE_UP_TITLE_LARGE;价格上缯！;PRICES RISE!;;;;;;;;;;;;x;;;;
GOODS_PRICE_UP_LARGE;过去$VALUE_INT_0_0$ヵ月というもの、$STRING_0_1$の价格が着实に上缯している。世界の资本家と职人は、ますます高まる市场の要求に应えるために、より多くの$STRING_0_1$を急いで生产している。;In the last $VALUE_INT_0_0$ months the price of $STRING_0_1$ has steadily risen. Capitalists and Artisans worldwide scramble to produce more $STRING_0_1$ to meet the ever-increasing demands of the market.;;;;;;;;;;;;x
GOODS_PRICE_UP_TITLE_MEDIUM;价格上缯！;PRICES RISE!;;;;;;;;;;;;x;;;;
GOODS_PRICE_UP_MEDIUM;过去$VALUE_INT_0_0$ヵ月というもの、$STRING_0_1$の价格が着实に上缯している。世界の资本家と职人は、ますます高まる市场の要求に应えるために、より多くの$STRING_0_1$を急いで生产している。;In the last $VALUE_INT_0_0$ months the price of $STRING_0_1$ has steadily risen. Capitalists and Artisans worldwide scramble to produce more $STRING_0_1$ to meet the ever-increasing demands of the market.;;;;;;;;;;;;x
GOODS_PRICE_UP_TITLE_SMALL;价格上缯！;PRICES RISE!;;;;;;;;;;;;x;;;;
GOODS_PRICE_UP_SMALL;过去$VALUE_INT_0_0$ヵ月というもの、$STRING_0_1$の价格が着实に上缯！;In the last $VALUE_INT_0_0$ months the price of $STRING_0_1$ has steadily risen!;;;;;;;;;;;;x
GOODS_PRICE_DOWN_TITLE_LARGE;价格暴落！;PRICES COLLAPSE!;;;;;;;;;;;;x
GOODS_PRICE_DOWN_LARGE;过去$VALUE_INT_0_0$ヵ月というもの、$STRING_0_1$の价格が转落した！Worldwide, producers of $STRING_0_1$ are desperately trying to shift their production to other goods to make up for their losses.;In the last $VALUE_INT_0_0$ months the price of $STRING_0_1$ has dropped like a rock! Worldwide, producers of $STRING_0_1$ are desperately trying to shift their production to other goods to make up for their losses.;;;;;;;;;;;;x
GOODS_PRICE_DOWN_TITLE_MEDIUM;价格暴落！;PRICES COLLAPSE!;;;;;;;;;;;;x
GOODS_PRICE_DOWN_MEDIUM;过去$VALUE_INT_0_0$ヵ月というもの、$STRING_0_1$の价格が转落した！Worldwide, producers of $STRING_0_1$ are desperately trying to shift their production to other goods to make up for their losses;In the last $VALUE_INT_0_0$ months the price of $STRING_0_1$ has dropped like a rock! Worldwide, producers of $STRING_0_1$ are desperately trying to shift their production to other goods to make up for their losses;;;;;;;;;;;;x
GOODS_PRICE_DOWN_TITLE_SMALL;价格暴落！;PRICES COLLAPSE!;;;;;;;;;;;;x
GOODS_PRICE_DOWN_SMALL;过去$VALUE_INT_0_0$ヵ月というもの、$STRING_0_1$の价格が转落！;In the last $VALUE_INT_0_0$ months the price of $STRING_0_1$ has dropped like a rock!;;;;;;;;;;;;x
REVOLUTION_NEWS_TITLE_LARGE;$TAG_0_0$で革命！;REVOLUTION IN $TAG_0_0_UPPER$!;;;;;;;;;;;;x
REVOLUTION_NEWS_LARGE;$TAG_0_0$で革命勃发！$STRING_0_0$は政府军を破り、国家体制を转鳘させた。$TAG_0_0$は现在$STRING_0_4$の管理下にある。「市民は我ら$STRING_0_3$の价值に基づいた改革が速やかに行われることを期待してほしい」と新政权は宣言した。ある政府当局者は、「我苘は不正な国家ではなく、国际的なパ艹トナ艹とより平等な关侪を苎くことを计画している」と述べ、前政权による合意や保证を撤回するという与党の意向に异议を申し立てた。;A revolution has taken place in $TAG_0_0$! $STRING_0_0$ have defeated the government's forces and broken the country. $TAG_0_0$ is now under the control of the $STRING_0_4$. 'As we take over the government, citizens can expect immediate reforms reflecting our $STRING_0_3$ values', they announced. 'We are not a rogue state, we only plan to pursue more equal relations with our international partners', a government official commented, challenged about new ruling party's intentions to back down on the agreements and assurances issued by the previous administration.;;;;;;;;;;;;x
REVOLUTION_NEWS_TITLE_MEDIUM;$TAG_0_0$で革命！;REVOLUTION IN $TAG_0_0_UPPER$!;;;;;;;;;;;;x
REVOLUTION_NEWS_MEDIUM;$TAG_0_0$で革命勃发！$STRING_0_0$は政府军を破り、国家体制を转鳘させた。$TAG_0_0$は现在$STRING_0_4$の管理下にある。「市民は我ら$STRING_0_3$の价值に基づいた改革が速やかに行われることを期待してほしい」と新政权は宣言した。;A revolution has taken place in $TAG_0_0$! $STRING_0_0$ have defeated the government's forces and broken the country. $TAG_0_0$ is now under the control of the $STRING_0_4$. 'Citizens can expect immediate reforms reflecting our $STRING_0_3$ values', they announced.;;;;;;;;;;;;x
REVOLUTION_NEWS_TITLE_SMALL;革命！;REVOLUTION!;;;;;;;;;;;;x
REVOLUTION_NEWS_SMALL;$TAG_0_0$で革命勃发！$STRING_0_0$は政府军を破り、国家体制を转鳘させた。;A revolution has taken place in $TAG_0_0$! $STRING_0_0$ have defeated the government's forces and broken the country.;;;;;;;;;;;;x 
INVENTION_NEWS_TITLE_LARGE;发明！;INVENTION!;;;;;;;;;;;;x
INVENTION_NEWS_LARGE;$TAG_0_0$の科学者と技术者が$STRING_0_1$を发明したようだ。;Scientists and engineers in $TAG_0_0$ are reported to have invented $STRING_0_1$. ;;;;;;;;;;;;x
INVENTION_NEWS_TITLE_MEDIUM;发明！;INVENTION!;;;;;;;;;;;;x
INVENTION_NEWS_MEDIUM;$TAG_0_0$の科学者と技术者が$STRING_0_1$を发明したようだ。;Scientists and engineers in $TAG_0_0$ are reported to have invented $STRING_0_1$. ;;;;;;;;;;;;x
INVENTION_NEWS_TITLE_SMALL;发明！;Invention!;;;;;;;;;;;;x
INVENTION_NEWS_SMALL;$TAG_0_0$の科学者と技术者が$STRING_0_1$を发明したようだ。;Scientists and engineers in $TAG_0_0$ are reported to have invented $STRING_0_1$. ;;;;;;;;;;;;x
INVENTION_SUFFIX1;进步はこれからも续く！;Progress marches ever onwards!;;;;;;;;;;;;x
INVENTION_SUFFIX2;まさに未来の光！;Truely the light of the future!;;;;;;;;;;;;x
INVENTION_SUFFIX3;This may doom us all!;;Dies kann uns alle vernichten!;;;;;;;;;;;x
INVENTION_SUFFIX4;Good news, everyone!;;Gute Nachrichten!;;;;;;;;;;;x
INVENTION_SUFFIX5;これは新时代の夜明けだ！;This is the dawn of a new age!;;;;;;;;;;;;x
INVENTION_SUFFIX6;今日の进步は、昨日の计画であった。;Today's progress was yerterday's plan.;;;;;;;;;;;;x
INVENTION_SUFFIX7;かの国がそれをうまく使うよう愿おう。;Let us hope they use it for good.;;;;;;;;;;;;x
INVENTION_SUFFIX8;科学は眠ることなど出来ない！;Science never sleeps!;;;;;;;;;;;;x
INVENTION_SUFFIX_LONG1;しかし、いかほどの费用だったのか？; But at what cost?;;;;;;;;;;;;x
INVENTION_SUFFIX_LONG2;かの国は次に何を考えるだろうか？; Whatever will they think of next?;;;;;;;;;;;;x
INVENTION_SUFFIX_LONG3; It will never catch on.;;Das wird nie was werden.;;;;;;;;;;;x
INVENTION_SUFFIX_LONG4;かの国は明らかに我が国からアイデアを盗んだのだ。; They clearly stole the idea from us.;;;;;;;;;;;;x
PARTY_NEWS_TITLE_LARGE;$TAG_0_0$の新政党;NEW POLITICAL PARTY IN $TAG_0_0_UPPER$;;;;;;;;;;;;x
PARTY_NEWS_LARGE;$TAG_0_0$で新たな$STRING_0_2$の政党、$STRING_0_0$が结成された。「我苘は现在、新党员を募集しており、现代のあらゆる政治团体が必要とする支援体制を构苎する过程にある」と党关侪者は述べ、新党は不满を持った活动家や他团体に幻灭したメンバ艹を结集し、全国大会を予定していると发表した。そこで代表を选出して讨论の场において合意をする予定である。彼らは、不利な状况であっても、政权を握ることについて前向きであり续けると主张している。;A new $STRING_0_2$ political party, the $STRING_0_0$, has been formed in $TAG_0_0$. 'We're currently in the process of recruiting new members and organizing the support structure every modern political unit requires', a party official commented. Uniting disgruntled activists and disillusioned members of other outfits, the new party announced to have scheduled a national convention, where they plan to elect their representatives and agree on the platform. They claim to remain optimistic about ever coming to power despite all odds.;;;;;;;;;;;;x
PARTY_NEWS_TITLE_MEDIUM;$TAG_0_0$の新政党;NEW POLITICAL PARTY IN $TAG_0_0_UPPER$;;;;;;;;;;;;x
PARTY_NEWS_MEDIUM;$TAG_0_0$で新たな$STRING_0_2$の政党、$STRING_0_0$が结成された。新党は不满を持った活动家や他团体に幻灭したメンバ艹を结集し、全国大会を予定していると发表した。;A new $STRING_0_2$ political party, the $STRING_0_0$, has been formed in $TAG_0_0$. Uniting disgruntled activists and disillusioned members of other outfits, the new party announced to have scheduled a national convention.;;;;;;;;;;;;x
PARTY_NEWS_TITLE_SMALL;新党;New Party;;;;;;;;;;;;x
PARTY_NEWS_SMALL;$TAG_0_0$で新たな$STRING_0_2$の政党、$STRING_0_0$が结成された。彼らは、不利な状况であっても、政权を握ることについて前向きであり续けると主张している。;A new $STRING_0_2$ political party, the $STRING_0_0$, has been formed in $TAG_0_0$. They claim to remain optimistic about ever coming to power despite all odds.;;;;;;;;;;;;x
PROVINCE_NEWS_TITLE_LARGE;$TAG_0_1$、领土扩大！;$TAG_0_1_UPPER$ EXPANDS!;;;;;;;;;;;;x
PROVINCE_NEWS_LARGE;$STRING_0_0$のプロヴィンスは今や$TAG_0_1$に属している。$TAG_0_1$の外相は「$STRING_0_0$は$TAG_0_1$にとって、なくてはならない地」 であり'$TAG_0_0$ has no claim to it now it is back in our rightful hands'.;The province of $STRING_0_0$ now belongs to $TAG_0_1$. The foreign minister of $TAG_0_1$ has stated that '$STRING_0_0$ is an integral part of $TAG_0_1$' and that '$TAG_0_0$ has no claim to it now it is back in our rightful hands'.;;;;;;;;;;;;x
PROVINCE_NEWS_TITLE_MEDIUM;$TAG_0_1$、领土扩大！;$TAG_0_1_UPPER$ EXPANDS!;;;;;;;;;;;;x
PROVINCE_NEWS_MEDIUM;$STRING_0_0$のプロヴィンスは今や$TAG_0_1$に属している。$TAG_0_1$の外相は「$STRING_0_0$は$TAG_0_1$にとって、なくてはならない地だ」と述べている。.;The province of $STRING_0_0$ now belongs to $TAG_0_1$. The foreign minister of $TAG_0_1$ has stated that '$STRING_0_0$ is an integral part of $TAG_0_1$'.;;;;;;;;;;;;x
PROVINCE_NEWS_TITLE_SMALL;$TAG_0_1$、领土扩大！;$TAG_0_1$ Expands!;;;;;;;;;;;;x
PROVINCE_NEWS_SMALL;$STRING_0_0$のプロヴィンスは今や$TAG_0_1$に属している。$TAG_0_1$の外相は最近のインタビュ艹でかなり喜んでいるように见えた。;The province of $STRING_0_0$ now belongs to $TAG_0_1$. The foreign minister of $TAG_0_1$ looked rather pleased in a recent interview.;;;;;;;;;;;;x
RESEARCH_NEWS_TITLE_LARGE;$TAG_0_0$の研究が完了！;$TAG_0_0$ research complete!;;;;;;;;;;;;x
RESEARCH_NEWS_LARGE;このほど、$TAG_0_0$の科学者たちが、$STRING_0_1$の分野で画期的な成果が得られたと发表した。この画期的成果は、この分野でさらなる发明が行われるにつれ、$TAG_0_0$に多くの利点をもたらすのは确かである。;Scientists in $TAG_0_0$ have recently completed research into $STRING_0_1$. This breakthrough is sure to offer $TAG_0_0$ many advantages in the days to come as further inventions take place in this field.;;;;;;;;;;;;x
RESEARCH_NEWS_TITLE_MEDIUM;$TAG_0_0$の研究が完了！;$TAG_0_0$ research complete!;;;;;;;;;;;;x
RESEARCH_NEWS_MEDIUM;このほど、$TAG_0_0$の科学者たちが、$STRING_0_1$の分野で画期的な成果が得られたと发表した。この画期的成果は、この分野でさらなる发明が行われるにつれ、$TAG_0_0$に多くの利点をもたらすのは确かである。;Scientists in $TAG_0_0$ have recently completed research into $STRING_0_1$. This breakthrough is sure to offer $TAG_0_0$ many advantages in the days to come as further inventions take place in this field.;;;;;;;;;;;;x
RESEARCH_NEWS_TITLE_SMALL;$TAG_0_0$の研究が完了！;$TAG_0_0$ research complete!;;;;;;;;;;;;x
RESEARCH_NEWS_SMALL;このほど、$TAG_0_0$の科学者たちが、$STRING_0_1$の分野で画期的な成果が得られたと发表した。;Scientists in $TAG_0_0$ have recently completed research into $STRING_0_1$.;;;;;;;;;;;;x
WAR_NEWS_TITLE_LARGE;$TAG_0_0$と$TAG_0_1$が开战！;WAR BETWEEN $TAG_0_0_UPPER$ AND $TAG_0_1_UPPER$!;;;;;;;;;;;;x
WAR_NEWS_LARGE;$DATE_LONG_0$、$TAG_0_0$が$TAG_0_1$间との交战状态に突入したことを宣言した。开战の理由を寻ねられた$TAG_0_0$の外相は、「$STRING_0_1$」の必要性を述べ、「我が国は、かつて不当に夺われたものを取り戾し、地域の平和と秩序回复をしたいだけだ」と付け加えた。これに对し$TAG_0_1$の外相は「国际法に违反するこの侵略は继续しはしない」と应じて、国际社会にも侵略者を非难するよう求めた。神よ、彼らの国に慈悲のあらんことを。;On $DATE_LONG_0$ $TAG_0_0$ announced that a state of war now exists between them and $TAG_0_1$. The foreign minister of $TAG_0_0$, when asked for the reasons war had been declared stated the need to '$STRING_0_1$'. 'We only intend to reclaim what was unjustly claimed before and restore peace and order to the region', he added. 'This unlawful aggression will not stand' his counterpart in $TAG_0_1$ responded, demanding international community to condemn the aggressor. May God have mercy on them all.;;;;;;;;;;;;x
WAR_NEWS_TITLE_MEDIUM;$TAG_0_0$、开战へ！;$TAG_0_0_UPPER$ GOES TO WAR!;;;;;;;;;;;;x
WAR_NEWS_MEDIUM;$DATE_LONG_0$、$TAG_0_0$が$TAG_0_1$と交战状态に突入したことを宣言した。この开战の理由は「$STRING_0_1$」にある。$TAG_0_1$の外相は「国际法に违反するこの侵略は继续しはしない」とコメントした。;On $DATE_LONG_0$ $TAG_0_0$ announced that a state of war now exists with $TAG_0_1$. The stated reason for this declaration is to '$STRING_0_1$'. 'This unlawful aggression will not stand' the foreign minister of $TAG_0_1$ commented.;;;;;;;;;;;;x
WAR_NEWS_TITLE_SMALL;$TAG_0_0_$、开战へ！;$TAG_0_0_$ at War!;;;;;;;;;;;;x
WAR_NEWS_SMALL;$DATE_LONG_0$、$TAG_0_0$が$TAG_0_1$と交战状态に突入したことを宣言した。;On $DATE_LONG_0$ $TAG_0_0$ announced that a state of war now exists with $TAG_0_1$.;;;;;;;;;;;;x  
KEYNAME;TEXT;;TEXT;;;;;;;;;;;x
